fecha,producto,categoria,precio,unidades,ciudad
2025-06-02,Lampara,hogar,661.12,4,Sevilla
2025-06-02,Sabanas,hogar,145.8,5,Sevilla
2025-06-15,Lampara,hogar,1180.17,5,Madrid
2025-06-17,Camisa,ropa,559.34,2,Sevilla
2025-06-16,Sabanas,hogar,1235.03,5,Barcelona
2025-06-10,Tablet,tecnologia,834.1,8,Madrid
2025-06-18,Libro,libros,949.34,2,Sevilla
2025-06-15,Auriculares,tecnologia,1456.19,5,Sevilla
2025-06-14,Lampara,hogar,295.98,4,Barcelona
2025-06-10,Portatil,tecnologia,235.66,7,Valencia
2025-06-19,Lampara,hogar,1451.43,4,Barcelona
2025-06-19,Auriculares,tecnologia,706.99,8,Madrid
2025-06-10,Movil,tecnologia,716.18,3,Madrid
2025-06-12,Sabanas,hogar,658.54,2,Sevilla
2025-06-13,Lampara,hogar,471.99,7,Sevilla
2025-06-09,Libro,libros,584.28,9,Barcelona
2025-06-05,Sabanas,hogar,213.93,8,Madrid
2025-06-17,Portatil,tecnologia,1181.45,8,Valencia
2025-06-10,Lampara,hogar,1172.19,6,Barcelona
2025-06-11,Pantalon,ropa,214.0,3,Madrid
2025-06-09,Sabanas,hogar,709.29,8,Valencia
2025-06-02,Lampara,hogar,953.9,6,Valencia
2025-06-02,Pantalon,ropa,459.41,6,Madrid
2025-06-07,Camisa,ropa,325.8,3,Barcelona
2025-06-20,Libro,libros,354.74,8,Madrid
2025-06-18,Tablet,tecnologia,443.92,4,Valencia
2025-06-03,Pantalon,ropa,1176.93,9,Valencia
2025-06-09,Camisa,ropa,1221.96,3,Madrid
2025-06-07,Portatil,tecnologia,139.62,7,Valencia
2025-06-14,Camisa,ropa,246.1,9,Valencia
2025-06-19,Movil,tecnologia,1046.0,5,Barcelona
2025-06-04,Auriculares,tecnologia,455.76,7,Valencia
2025-06-13,Auriculares,tecnologia,136.04,4,Madrid
2025-06-07,Teclado,tecnologia,1363.33,5,Valencia
2025-06-10,Tablet,tecnologia,1453.92,3,Sevilla
2025-06-06,Lampara,hogar,676.8,7,Barcelona
2025-06-02,Portatil,tecnologia,1354.39,2,Barcelona
2025-06-15,Tablet,tecnologia,462.41,8,Valencia
2025-06-11,Movil,tecnologia,1285.64,1,Sevilla
2025-06-10,Lampara,hogar,650.98,3,Valencia
2025-06-03,Pantalon,ropa,976.52,6,Madrid
2025-06-16,Camisa,ropa,67.21,2,Barcelona
2025-06-04,Auriculares,tecnologia,221.06,7,Madrid
2025-06-04,Pantalon,ropa,260.04,3,Sevilla
2025-06-20,Pantalon,ropa,523.57,6,Valencia
2025-06-06,Portatil,tecnologia,1438.05,4,Barcelona
2025-06-10,Lampara,hogar,128.68,3,Barcelona
2025-06-14,Camisa,ropa,1407.05,2,Valencia
2025-06-11,Camisa,ropa,404.13,9,Barcelona
2025-06-11,Pantalon,ropa,661.17,3,Madrid
2025-06-08,Libro,libros,1344.76,5,Madrid
2025-06-07,Pantalon,ropa,167.32,6,Valencia
2025-06-03,Tablet,tecnologia,990.84,7,Valencia
2025-06-19,Lampara,hogar,166.07,6,Sevilla
2025-06-20,Tablet,tecnologia,60.93,2,Valencia
2025-06-11,Auriculares,tecnologia,1245.54,5,Sevilla
2025-06-20,Auriculares,tecnologia,1429.58,6,Barcelona
2025-06-13,Pantalon,ropa,387.67,9,Sevilla
2025-06-04,Movil,tecnologia,72.14,3,Barcelona
2025-06-20,Teclado,tecnologia,1338.06,1,Valencia
